Manufacturer Part Number,Manufacturer Name,Description,Qty-1,Qty-5,Qty-25,Part References,Value
10104111-0001LF,FCI,CONN RCPT STD MICRO USB TYPE AB,1,5,25,CN1,
CDBW140-G,Comchip Technology,DIODE SCHOTTKY 40V 1A SOD123,2,10,50,"D1, D2",
KMR221NG,C&K Components,SWITCH TACTILE SPST-NO 0.05A 32V,2,10,50,"ERASE, RESET",
MC-146 32.768KA-AC3,Epson,CRYSTAL 32.7680KHZ 9PF SMD,1,5,25,Y2,
generic resistor:1K/0402,any,"generic 1K chip resistor, 0402 package",3,15,75,"R5, R7, R8",1K
generic MLCC:1u/25V/0603,any,"generic MLCC, 1 uF, 25V, 0603 package",1,5,25,C1,1uF
generic MLCC:2u2/6V3/0603,any,"generic MLCC, 2.2 uF, 6.3V, 0603 package",1,5,25,C14,2u2
generic MLCC:4u7/10V/0603,any,"generic MLCC, 4.7 uF, 10V, 0603 package",7,35,175,"C6, C7, C10, C23, C24, C25, C26",4u7
generic MLCC:4u7/25V/0603,any,"generic MLCC, 4.7 uF, 25V, 0603 package",3,15,75,"C3, C4, C8",4u7
251R14S5R6CV4T,Johanson Tech,CAP CER 5.6PF 250V NP0 0603,1,5,25,C18,5p6
C0603C100K5GACTU,Kemet,CAP CER 10PF 50V 10% NP0 0603,2,10,50,"C16, C17",10 pF
generic resistor:10K/0402,any,"generic 10K chip resistor, 0402 package",6,30,150,"R1, R2, R9, R10, R11, R14",10K
MLZ2012N100LT000,TDK,FIXED IND 10UH 500MA 300 MOHM,1,5,25,L1,10u/100mA
generic resistor:12K/0402,any,"generic 12K chip resistor, 0402 package",1,5,25,R3,12K
PRQC12.00CR1010V00L,AVX/Kyocera,RESONATOR CER 12.00MHZ SMD,1,5,25,Q1,12MHz
403C11A26M00000,CTS-Frequency Controls,CRYSTAL 26.0000MHZ 10PF SMD,1,5,25,Y1,26 MHz/10 pF
EXB-V4V270JV,Panasonic,RES ARRAY 27 OHM 2 RES 0606,1,5,25,RN1,27R
generic MLCC:100n/16V/0402,any,"generic MLCC, 100 nF, 16V, 0402 package",13,65,325,"C2, C5, C11, C12, C13, C15, C19, C20, C21, C22, C27, C28, C29",100n
generic MLCC:100n/50V/0603,any,"generic MLCC, 100 nF, 50V, 0603 package",1,5,25,C9,100n
generic resistor:200R/0402,any,"generic 200R chip resistor, 0402 package",1,5,25,R13,200R
MF-MSMF050-2,Bourns Inc.,PTC RESETTABLE .50A 15V 1812,1,5,25,F1,500mA
AP2111H-3.3TRG1,Diodes Inc,IC REG LDO 3.3V 0.6A SOT223,1,5,25,U2,AP2111HA-3.3
LB Q39G-L2N2-35-1,OSRAM,LED CHIPLED BLUE 470NM 0603 SMD,1,5,25,ON,BLU
CG0603MLC-05E,Bourns Inc,VARISTOR 0603,2,10,50,"Z1, Z2",CG0603MLC-05E
ESP8266EX,Espressif,*,1,5,25,U5,ESP8266EX
LTST-C191KGKT,Lite-On,LED GREEN CLEAR THIN 0603 SMD,1,5,25,L,GRN
ATSAM4S2AA-MU,Atmel,IC MCU 32BIT 128KB FLASH 48QFN,1,5,25,U1,SAM3SA-MU
SST25VF512A-33-4C-SAE,Microchip,IC FLASH 512KBIT 33MHZ 8SOIC,1,5,25,U6,SPI_FLASH
LTST-C191KSKT,Lite-On,LED YELLOW CLEAR THIN 0603 SMD,1,5,25,RX,YLW
